<?xml version="1.0" encoding="UTF-8"?>
<tbody>
<tr>
<th>Id</th>
<th>Assertion</th>
</tr>
<tr>
<td>
<assert-summary ref="OperationSafety-2028"/>
</td>
<td>An OPTIONAL <att xml:space="default">safe</att>
	      <emph xml:space="default">attribute information item</emph> with the following
	      Infoset properties:</td>
</tr>
<tr>
<td>
<assert-summary ref="WRPC-2050"/>
</td>
<td>Additionally, each even-numbered item (0, 2, 4, ...) in the list
	  MUST be of type <emph xml:space="default">xs:QName</emph> and each odd-numbered item (1, 3, 5, ...)
	  in the list MUST be of the subtype of <emph xml:space="default">xs:token</emph> described in the
	  previous paragraph.</td>
</tr>
</tbody>
