<?xml version="1.0" encoding="UTF-8"?>
<tbody>
<tr>
<th>Id</th>
<th>Assertion</th>
</tr>
<tr>
<td>
<assert-summary ref="FaultPropagationModification-2005"/>
</td>
<td>However, extensions or binding extensions
MAY modify these rulesets.</td>
</tr>
<tr>
<td>
<assert-summary ref="HTTPAccessAuthentication-2127"/>
</td>
<td>If the
	      <prop comp="Endpoint">http authentication scheme</prop> property is present, then 
	      this property MUST be present.</td>
</tr>
<tr>
<td>
<assert-summary ref="HTTPBinding-2083"/>
</td>
<td>When formulating the HTTP message to be transmitted, the
        HTTP request method used MUST be selected using one of the following:</td>
</tr>
<tr>
<td>
<assert-summary ref="HTTPBinding-2084"/>
</td>
<td> When formulating the HTTP message to be
	  transmitted, content encoding for a given <comp>Binding Message Reference</comp>
	  component is determined as follows:</td>
</tr>
<tr>
<td>
<assert-summary ref="HTTPBinding-2085"/>
</td>
<td>When formulating the HTTP fault message
	  to be transmitted, content encoding for a given <comp>Binding Fault</comp> component is determined as
	  follows:</td>
</tr>
<tr>
<td>
<assert-summary ref="HTTPBinding-2086"/>
</td>
<td>When formulating the HTTP message to be transmitted, the
        contents of the payload (i.e. the contents of the HTTP message
        body) MUST be what is defined by the corresponding <comp>Interface Message
	Reference</comp> or <comp>Interface Fault</comp> components,
	  serialized as specified by the <termref def="serialization_format" xml:space="default">serialization format</termref> used.</td>
</tr>
<tr>
<td>
<assert-summary ref="HTTPBinding-2087"/>
</td>
<td>If the value is <attval xml:space="default">#none</attval>, then the
	      payload MUST be empty and the value of the corresponding serialization property (<prop comp="Binding Operation">http input serialization</prop> or <prop comp="Binding Operation">http output serialization</prop>) is ignored.</td>
</tr>
<tr>
<td>
<assert-summary ref="HTTPBinding-2088"/>
</td>
<td>If the <comp>Interface Message Reference</comp> component or the <comp>Interface Fault</comp>
        component is declared using a non-XML type system (as
        considered in the Types section of <bibref ref="WSDL-PART1" xml:space="default"/>),
        then additional binding rules MUST be defined in an extension specification to indicate how
        to map those components into the HTTP envelope.</td>
</tr>
<tr>
<td>
<assert-summary ref="HTTPBinding-2089"/>
</td>
<td>The serialization rules for messages whose <prop comp="Interface Message Reference">message content model</prop> is either <attval xml:space="default">#element</attval> or <attval xml:space="default">#any</attval>, AND the serialization rules for fault messages, are as follows:</td>
</tr>
<tr>
<td>
<assert-summary ref="HTTPBindingFault-2105"/>
</td>
<td>The fault definition SHOULD agree with the definition
	  of the HTTP error codes, as specified in section 8 of <bibref ref="RFC3205" xml:space="default"/>.</td>
</tr>
<tr>
<td>
<assert-summary ref="HTTPBindingFault-2106"/>
</td>
<td>An integer value
            of this property identifies the error Status-Code as defined by <bibref ref="RFC2616" xml:space="default"/> that the
	    service will use in case the fault is returned.</td>
</tr>
<tr>
<td>
<assert-summary ref="HTTPBindingOperation-2093"/>
</td>
<td>

              When formulating the HTTP Request, the HTTP Request IRI
              is an absolute IRI reference and is the value of the
              <prop comp="Binding Operation">http location</prop>
              property of the <comp>Binding Operation</comp>
              component, resolved using the value of the <prop comp="Endpoint">address</prop> property of the
              <comp>Endpoint</comp> component (see section 5 of
              <bibref ref="RFC3986" xml:space="default"/>).</td>
</tr>
<tr>
<td>
<assert-summary ref="HTTPBindingOperation-2094"/>
</td>
<td>The first one is
	  transmitted using an HTTP request, and the second one is
	  transmitted using the corresponding HTTP response.</td>
</tr>
<tr>
<td>
<assert-summary ref="HTTPBindingOperation-2095"/>
</td>
<td> In cases
	  where only one single message is being sent, the message body of
	  the HTTP response MUST be empty.</td>
</tr>
<tr>
<td>
<assert-summary ref="HTTPBindingOperation-2098"/>
</td>
<td>
              It MUST contain an IRI reference and MUST NOT include
              a fragment identifier component.</td>
</tr>
<tr>
<td>
<assert-summary ref="HTTPBindingOperation-2100"/>
</td>
<td>The value of the <termref def="serialization_format" xml:space="default">serialization format</termref> used for a
	message is a media type which MUST be covered by this range.</td>
</tr>
<tr>
<td>
<assert-summary ref="HTTPBindingOperation-2101"/>
</td>
<td>Wild cards (for example, <attval xml:space="default">application/*</attval>) SHOULD NOT be used in this <emph xml:space="default">attribute information item</emph> 
	since they may lead to interoperability problems.</td>
</tr>
<tr>
<td>
<assert-summary ref="HTTPCookies-2126"/>
</td>
<td>A value of <attval xml:space="default">true</attval>
                  means that the service relies on cookies and that the client MUST understand
                  them.</td>
</tr>
<tr>
<td>
<assert-summary ref="HTTPHeader-2090"/>
</td>
<td>If the
	    <prop comp="Binding Message Reference">http headers</prop> property as defined in section <specref ref="http-headers-decl" xml:space="default"/> exists and is not empty in a
	    <comp>Binding Message Reference</comp> or <comp>Binding Fault</comp> component, HTTP headers 
	    conforming to each <comp>HTTP Header</comp> component contained in this <prop comp="Binding Message Reference">http headers</prop> property
	    MAY be serialized as follows:</td>
</tr>
<tr>
<td>
<assert-summary ref="HTTPHeader-2091"/>
</td>
<td>The HTTP binding MUST NOT set an HTTP
		  header field corresponding to the value of the <prop comp="HTTP Header">name</prop> property already set by another
		  mechanism, such as the
		  HTTP stack or another feature.</td>
</tr>
<tr>
<td>
<assert-summary ref="HTTPHeader-2092"/>
</td>
<td>If the value of an <comp>HTTP Header</comp>
	    component's <prop comp="HTTP Header">required</prop>
	    property is <attval xml:space="default">true</attval>, the inclusion of this
	    HTTP header field is REQUIRED</td>
</tr>
<tr>
<td>
<assert-summary ref="HTTPHeader-2102"/>
</td>
<td>A <comp>Binding Message
	  Reference</comp> or a <comp>Binding Fault</comp> component's
	  <prop comp="Binding Message Reference">http headers</prop>
	  property MUST NOT contain multiple <comp>HTTP Header</comp> components
	  with the same <prop comp="HTTP Header">name</prop> property.</td>
</tr>
<tr>
<td>
<assert-summary ref="HTTPHeader-2103"/>
</td>
<td>This type MUST be a simple type.</td>
</tr>
<tr>
<td>
<assert-summary ref="HTTPHeader-2104"/>
</td>
<td>If the value is <attval xml:space="default">true</attval>, then the HTTP header field MUST be included in the message.</td>
</tr>
<tr>
<td>
<assert-summary ref="HTTPQueryString-2115"/>
</td>
<td>The <termref def="instance_data" xml:space="default">instance data</termref> MUST NOT contain
	  elements with an <att xml:space="default">xs:nil</att> attribute whose value is
	  <attval xml:space="default">true</attval>.</td>
</tr>
<tr>
<td>
<assert-summary ref="HTTPQueryString-2116"/>
</td>
<td>When serializing an HTTP request that does not allow an HTTP message body,
	      and when <prop comp="Binding Operation">http location ignore uncited</prop> is <attval xml:space="default">true</attval>,
	      any element NOT cited in the <prop comp="Binding Operation">http location</prop> property MUST
	      be defined in the schema as <att xml:space="default">nillable</att>, or have a <att xml:space="default">default</att> value, or appear
	      no less frequently than specified by the <att xml:space="default">minOccurs</att> value.
	      The element declaration SHOULD NOT combine a default value with <att xml:space="default">nillable</att>.</td>
</tr>
<tr>
<td>
<assert-summary ref="HTTPSerialization-2099"/>
</td>
<td>The value of the <prop comp="Binding Operation">http input
      serialization</prop>, <prop comp="Binding Operation">http output
      serialization</prop> and <prop comp="Binding Operation">http
      fault serialization</prop> properties is similar to the value
      allowed for the <code xml:space="default">Accept</code> HTTP header defined by the HTTP
      1.1 specification, Section 14.1 (see <bibref ref="RFC2616" xml:space="default"/>)
      and MUST follow the production rules defined in that section
      except for the following:</td>
</tr>
<tr>
<td>
<assert-summary ref="HTTPSerialization-2106"/>
</td>
<td>The
              <prop comp="Binding Operation">http location</prop> property MUST conform to 
              the following EBNF <bibref ref="EBNF" xml:space="default"/> 
              grammar, which represents the patterns for constructing the request IRI:</td>
</tr>
<tr>
<td>
<assert-summary ref="HTTPSerialization-2107"/>
</td>
<td>If the <prop comp="Interface Operation">style</prop> property of the <comp>Interface Operation</comp> bound has a value of
	  <attval xml:space="default">http://www.w3.org/ns/wsdl/style/iri</attval> as defined in <specref ref="_operation_iri_style" xml:space="default"/>, and if the <prop comp="Binding Operation">http
	    location</prop> property of the <comp>Binding
	    Operation</comp> component is present, the value of the <prop comp="Binding Operation">http
	    location</prop> property component is used as a
	    template</td>
</tr>
<tr>
<td>
<assert-summary ref="HTTPSerialization-2108"/>
</td>
<td>The resulting IRI MUST be mapped to an URI for use in
	    the HTTP Request as per section 3.1 "Mapping of IRIs to
	    URIs" of the IRI specification <bibref ref="RFC3987" xml:space="default"/>.</td>
</tr>
<tr>
<td>
<assert-summary ref="HTTPSerialization-2109"/>
</td>
<td>
                    The local name in a template SHOULD match at least one element
                    from the <termref def="instance_data" xml:space="default">instance data</termref> of the input
                    message.</td>
</tr>
<tr>
<td>
<assert-summary ref="HTTPSerialization-2111"/>
</td>
<td>If this format is used then the
	  <prop comp="Interface Operation">style</prop> property of <comp>Interface
	  Operation</comp> component being bound MUST contain a value of
	  <attval xml:space="default">http://www.w3.org/ns/wsdl/style/iri</attval> as defined in <specref ref="_operation_iri_style" xml:space="default"/>, i.e. this serialization format
	  may only be used to serialize the HTTP request corresponding
	  to the initial message of an
	  interface operation.</td>
</tr>
<tr>
<td>
<assert-summary ref="HTTPSerialization-2112"/>
</td>
<td>For the HTTP binding defined in this section
	    (<specref ref="http-binding" xml:space="default"/>),
	    <attval xml:space="default">application/x-www-form-urlencoded</attval> MAY be
	    used as a <termref def="serialization_format" xml:space="default">serialization format</termref>
	    for an input message (HTTP Request), but MUST NOT be used as a <termref def="serialization_format" xml:space="default">serialization format</termref>
	    for an output or fault message (HTTP Response).</td>
</tr>
<tr>
<td>
<assert-summary ref="HTTPSerialization-2113"/>
</td>
<td>If not all elements from the <termref def="instance_data" xml:space="default">instance data</termref> are cited in
	    the <prop comp="Binding Operation">http location</prop>
	    property, or if the property is not present on the
	    <comp>Binding Operation</comp> component, then additional
	    serialization rules apply.</td>
</tr>
<tr>
<td>
<assert-summary ref="HTTPSerialization-2114"/>
</td>
<td>For elements of the instance data not cited in the
	      <prop comp="Binding Operation">http location</prop> property, a query
	      string is constructed as follows.</td>
</tr>
<tr>
<td>
<assert-summary ref="HTTPSerialization-2117"/>
</td>
<td>If the HTTP request method used does not allow
	      HTTP message body (e.g. <attval xml:space="default">GET</attval> and
	      <attval xml:space="default">DELETE</attval>), and if the value of the <prop comp="Binding Operation">http location ignore uncited</prop> property is <attval xml:space="default">false</attval>, then the following rules
	      apply.</td>
</tr>
<tr>
<td>
<assert-summary ref="HTTPSerialization-2118"/>
</td>
<td>If the HTTP request method used does allow an
	      HTTP message body (e.g. <attval xml:space="default">POST</attval> and
	      <attval xml:space="default">PUT</attval>), then the following rules
	      apply.</td>
</tr>
<tr>
<td>
<assert-summary ref="HTTPSerialization-2119"/>
</td>
<td>The <code xml:space="default">Content-Type</code> HTTP header field must
	      have the value
	      <code xml:space="default">application/x-www-form-urlencoded</code>.</td>
</tr>
<tr>
<td>
<assert-summary ref="HTTPSerialization-2120"/>
</td>
<td>The <code xml:space="default">Content-Type</code>
	  HTTP header MUST have the value
	  <code xml:space="default">application/xml</code>, or a media type compatible with
	  <code xml:space="default">application/xml</code> as specified in section <specref ref="_http_ser_xml" xml:space="default"/>.</td>
</tr>
<tr>
<td>
<assert-summary ref="HTTPSerialization-2121"/>
</td>
<td>this serialization
	  format may only be used to serialize the HTTP request
	  corresponding to the initial message of
	  an interface operation.</td>
</tr>
<tr>
<td>
<assert-summary ref="HTTPSerialization-2122"/>
</td>
<td>Specifically, for the HTTP binding defined in this section
	    (<specref ref="http-binding" xml:space="default"/>),
	    <attval xml:space="default">multipart/form-data</attval> MAY be
	    used as a <termref def="serialization_format" xml:space="default">serialization format</termref>
	    for an input message (HTTP Request), but MUST NOT be used as a <termref def="serialization_format" xml:space="default">serialization format</termref>
	    for an output or fault message (HTTP Response).</td>
</tr>
<tr>
<td>
<assert-summary ref="HTTPSerialization-2123"/>
</td>
<td>The <code xml:space="default">Content-Disposition</code> header MUST have the
	      value <code xml:space="default">form-data</code>, and its <code xml:space="default">name</code>
	      parameter is the local name of the element.</td>
</tr>
<tr>
<td>
<assert-summary ref="HTTPSerialization-2124"/>
</td>
<td>The <code xml:space="default">Content-Type</code> header MUST have the value:</td>
</tr>
<tr>
<td>
<assert-summary ref="HTTPSerialization-2125"/>
</td>
<td>The <termref def="instance_data" xml:space="default">instance data</termref> MUST NOT contain
	  elements with an <att xml:space="default">xs:nil</att> attribute whose value is
	  <attval xml:space="default">true</attval>.</td>
</tr>
<tr>
<td>
<assert-summary ref="InOnlyComposition-2012"/>
</td>
<td>
The <el xml:space="default">in-only</el> message exchange pattern
consists of exactly one message as follows:</td>
</tr>
<tr>
<td>
<assert-summary ref="InOutComposition-2015"/>
</td>
<td>
The <el xml:space="default">in-out</el> message exchange pattern
consists of exactly two messages, in order, as follows:</td>
</tr>
<tr>
<td>
<assert-summary ref="InterfaceOperation-2096"/>
</td>
<td>
	  	202 when the MEP is <attval xml:space="default">http://www.w3.org/ns/wsdl/in-only</attval>
</td>
</tr>
<tr>
<td>
<assert-summary ref="InterfaceOperation-2097"/>
</td>
<td>
	  	204 when the MEP is <attval xml:space="default">http://www.w3.org/ns/wsdl/robust-in-only</attval>
</td>
</tr>
<tr>
<td>
<assert-summary ref="IRIStyle-2051"/>
</td>
<td>When using this style, the value of the <prop comp="Interface Message Reference">message content
	   model</prop> property of the <comp>Interface Message
	   Reference</comp> component corresponding to the initial
	   message of the message exchange pattern MUST be
	   <attval xml:space="default">#element</attval>.</td>
</tr>
<tr>
<td>
<assert-summary ref="IRIStyle-2052"/>
</td>
<td>The sequence MUST only contain elements.</td>
</tr>
<tr>
<td>
<assert-summary ref="IRIStyle-2053"/>
</td>
<td>The sequence MUST contain only local element
	      children.</td>
</tr>
<tr>
<td>
<assert-summary ref="IRIStyle-2054"/>
</td>
<td>The localPart of the element's QName MUST be the same
	      as the <comp>Interface Operation</comp> component's
	      <prop comp="Interface Operation">name</prop>.</td>
</tr>
<tr>
<td>
<assert-summary ref="IRIStyle-2055"/>
</td>
<td>The complex type that defines the body of the 
	      element or its children elements MUST NOT contain any
	      attributes.</td>
</tr>
<tr>
<td>
<assert-summary ref="IRIStyle-2056"/>
</td>
<td>The children elements of the sequence  MUST derive from
	      <code xml:space="default">xs:simpleType</code>, and MUST NOT be of the type
	      or derive from <code xml:space="default">xs:QName</code>,
	      <code xml:space="default">xs:NOTATION</code>, <code xml:space="default">xs:hexBinary</code> or
	      <code xml:space="default">xs:base64Binary</code>.</td>
</tr>
<tr>
<td>
<assert-summary ref="MultipartStyle-2057"/>
</td>
<td>When using this style, the value of the <prop comp="Interface Message Reference">message content
	   model</prop> property of the <comp>Interface Message
	   Reference</comp> component corresponding to the initial
	   message of the message exchange pattern MUST be
	   <attval xml:space="default">#element</attval>.</td>
</tr>
<tr>
<td>
<assert-summary ref="MultipartStyle-2058"/>
</td>
<td>The sequence MUST only contain elements.</td>
</tr>
<tr>
<td>
<assert-summary ref="MultipartStyle-2059"/>
</td>
<td>The sequence MUST contain only local element
	      children.</td>
</tr>
<tr>
<td>
<assert-summary ref="MultipartStyle-2060"/>
</td>
<td> The attributes
	      <att xml:space="default">minOccurs</att> and <att xml:space="default">maxOccurs</att> for these child elements MUST have
	      a value <code xml:space="default">1</code>.</td>
</tr>
<tr>
<td>
<assert-summary ref="MultipartStyle-2061"/>
</td>
<td>The localPart of the element's QName MUST be the same
	      as the <comp>Interface Operation</comp> component's
	      <prop comp="Interface Operation">name</prop>.</td>
</tr>
<tr>
<td>
<assert-summary ref="MultipartStyle-2062"/>
</td>
<td>The complex type that defines the body of the 
	      element or its children elements MUST NOT contain any
	      attributes.</td>
</tr>
<tr>
<td>
<assert-summary ref="MultipartStyle-2063"/>
</td>
<td>The sequence MUST NOT contain multiple children
	      element declared with the same local name.</td>
</tr>
<tr>
<td>
<assert-summary ref="OperationSafety-2027"/>
</td>
<td>However, an operation SHOULD be marked safe
	    if it meets the criteria for a safe interaction defined in
	    Section 3.4 of <bibref ref="webarch" xml:space="default"/>.</td>
</tr>
<tr>
<td>
<assert-summary ref="RobustInOnlyComposition-2013"/>
</td>
<td>
The <el xml:space="default">robust-in-only</el> message exchange
pattern consists of exactly one message as follows:</td>
</tr>
<tr>
<td>
<assert-summary ref="RPCStyle-2029"/>
</td>
<td>If the RPC style is used by an <comp>Interface Operation</comp>
	 component then its <prop comp="Interface Operation">message exchange pattern</prop>
	 property MUST have the value either <attval xml:space="default">http://www.w3.org/ns/wsdl/in-only</attval> or <attval xml:space="default">http://www.w3.org/ns/wsdl/in-out</attval>.</td>
</tr>
<tr>
<td>
<assert-summary ref="RPCStyle-2030"/>
</td>
<td>
	   The value of the <prop comp="Interface Message Reference">message content model</prop>
	   property for the <comp>Interface Message Reference</comp> components of the
	   <prop comp="Interface Operation">interface message
	   references</prop> property MUST be
	   <attval xml:space="default">#element</attval>.</td>
</tr>
<tr>
<td>
<assert-summary ref="RPCStyle-2031"/>
</td>
<td>The content model of input and output
       <prop comp="Interface Message Reference">element declaration</prop>
	   elements MUST be defined using a complex type that contains a
	   sequence from XML Schema.</td>
</tr>
<tr>
<td>
<assert-summary ref="RPCStyle-2032"/>
</td>
<td>The input sequence MUST only contain elements and element wildcards.</td>
</tr>
<tr>
<td>
<assert-summary ref="RPCStyle-2033"/>
</td>
<td>The input sequence
           MUST NOT contain more than one element wildcard.</td>
</tr>
<tr>
<td>
<assert-summary ref="RPCStyle-2034"/>
</td>
<td>The element wildcard, if
           present, MUST appear after any elements.</td>
</tr>
<tr>
<td>
<assert-summary ref="RPCStyle-2035"/>
</td>
<td>The output sequence MUST only contain elements.</td>
</tr>
<tr>
<td>
<assert-summary ref="RPCStyle-2036"/>
</td>
<td>Both the input and output sequences MUST contain only local element
	   children.</td>
</tr>
<tr>
<td>
<assert-summary ref="RPCStyle-2037"/>
</td>
<td>The local name of input element's QName MUST be
	   the same as the <comp>Interface Operation</comp> component's
	   name.</td>
</tr>
<tr>
<td>
<assert-summary ref="RPCStyle-2038"/>
</td>
<td>Input and output elements MUST both be in the
	   same namespace.</td>
</tr>
<tr>
<td>
<assert-summary ref="RPCStyle-2039"/>
</td>
<td>The complex type that defines the body of an
	   input or an output element MUST NOT contain any local
	   attributes.</td>
</tr>
<tr>
<td>
<assert-summary ref="RPCStyle-2040"/>
</td>
<td>If elements with the same qualified name appear
	   as children of both the input and output elements, then
	   they MUST both be declared using the same named type.</td>
</tr>
<tr>
<td>
<assert-summary ref="RPCStyle-2041"/>
</td>
<td>The input or output sequence MUST NOT contain
	   multiple children elements declared with the same
	   name.</td>
</tr>
<tr>
<td>
<assert-summary ref="SOAPAction-2075"/>
</td>
<td>A <emph xml:space="default">xs:anyURI</emph>, which is an absolute IRI as defined by <bibref ref="RFC3987" xml:space="default"/>, to the <comp>Binding Operation</comp> component.</td>
</tr>
<tr>
<td>
<assert-summary ref="SOAPBinding-2065"/>
</td>
<td>When formulating
          the SOAP envelope to be transmitted, the contents of the
          payload (i.e., the contents of the SOAP Body <emph xml:space="default">element information item</emph>
          of the SOAP envelope) MUST be what is defined by the
          corresponding <comp>Interface Message Reference</comp> component.</td>
</tr>
<tr>
<td>
<assert-summary ref="SOAPBinding-2068"/>
</td>
<td>If the <comp>Interface Message Reference</comp> component is declared
            using a non-XML type system (as considered in the Types
            section of <bibref ref="WSDL-PART1" xml:space="default"/>), then additional
            binding rules MUST be defined to indicate how to map those
            components into the SOAP envelope.</td>
</tr>
<tr>
<td>
<assert-summary ref="SOAPBinding-2069"/>
</td>
<td>Every SOAP binding MUST indicate what version of SOAP is in use
          for the operations of the interface that this binding applies to.</td>
</tr>
<tr>
<td>
<assert-summary ref="SOAPBinding-2070"/>
</td>
<td>Every SOAP binding MUST indicate what underlying protocol is in
          use.</td>
</tr>
<tr>
<td>
<assert-summary ref="SOAPBindingFault-2071"/>
</td>
<td>For every <comp>Interface Fault</comp> component contained in an
          <comp>Interface</comp> component, a mapping to a SOAP Fault MUST be
          described.</td>
</tr>
<tr>
<td>
<assert-summary ref="SOAPBindingFault-2072"/>
</td>
<td>when the value of the <prop comp="Binding">soap version</prop>
		      is <attval xml:space="default">1.2</attval>, the allowed QNames MUST be the ones defined by
		      <bibref ref="SOAP12-PART1" xml:space="default"/>, section 5.4.6</td>
</tr>
<tr>
<td>
<assert-summary ref="SOAPHeaderBlock-2077"/>
</td>
<td>When its value is
            <attval xml:space="default">true</attval>, the SOAP header block MUST be
            decorated with a SOAP <att xml:space="default">mustUnderstand</att> <emph xml:space="default">attribute information item</emph> with
            a value of <attval xml:space="default">true</attval>; if so, 
            the XML element declaration referenced by the <prop comp="SOAP Header Block">element declaration</prop> property MUST
            allow this SOAP <att xml:space="default">mustUnderstand</att>
            <emph xml:space="default">attribute information item</emph>.</td>
</tr>
<tr>
<td>
<assert-summary ref="SOAPHeaderBlock-2078"/>
</td>
<td>If the value is <attval xml:space="default">true</attval>, then the SOAP header block MUST be included in the message.</td>
</tr>
<tr>
<td>
<assert-summary ref="SOAPHeaderBlock-2079"/>
</td>
<td>The
                value of the <att xml:space="default">element</att> <emph xml:space="default">attribute information item</emph>
                MUST resolve to a global
                element declaration from the
                <prop comp="Description">element declarations</prop> property of the
                <comp>Description</comp> component.</td>
</tr>
<tr>
<td>
<assert-summary ref="SOAPHTTPProperties-2064"/>
</td>
<td>These properties MUST NOT be used
      unless the underlying protocol is HTTP.</td>
</tr>
<tr>
<td>
<assert-summary ref="SOAPHTTPSelection-2082"/>
</td>
<td>This default
          binding rule is applicable when the value of the
          <prop comp="Binding">soap underlying protocol</prop> property of the <comp>Binding</comp> component is
          <attval xml:space="default">http://www.w3.org/2003/05/soap/bindings/HTTP/</attval>. If
          the SOAP MEP selected as specified above has the value
          <attval xml:space="default">http://www.w3.org/2003/05/soap/mep/request-response/</attval>
          then the HTTP method used is
          <attval xml:space="default">POST</attval>. If the SOAP MEP selected has the value
          <attval xml:space="default">http://www.w3.org/2003/05/soap/mep/soap-response/</attval>
          then the HTTP method used is
          <attval xml:space="default">GET</attval>.</td>
</tr>
<tr>
<td>
<assert-summary ref="SOAPMEP-2074"/>
</td>
<td>A <emph xml:space="default">xs:anyURI</emph>, which is an absolute IRI as defined by <bibref ref="RFC3987" xml:space="default"/>, to the <comp>Binding Operation</comp> component.</td>
</tr>
<tr>
<td>
<assert-summary ref="SOAPMEPDefault-2073"/>
</td>
<td>A <emph xml:space="default">xs:anyURI</emph>,
            which is an absolute IRI as defined by <bibref ref="RFC3987" xml:space="default"/>, to the <comp>Binding</comp>
            component.</td>
</tr>
<tr>
<td>
<assert-summary ref="SOAPMEPSelection-2080"/>
</td>
<td>
	  For a given <comp>Interface Operation</comp> component, if
	  there is a <comp>Binding Operation</comp> component whose
	  <prop comp="Binding Operation">interface operation</prop>
	  property matches the component in question and its <prop comp="Binding Operation">soap mep</prop> property has a
	  value, then the SOAP MEP is the value of the <prop comp="Binding    Operation">soap mep</prop> property. Otherwise, the SOAP MEP
	  is the value of the <comp>Binding </comp> component's <prop comp="Binding">soap mep default</prop>, if
	  any. Otherwise, the <comp>Interface Operation</comp>
	  component's <prop comp="Interface Operation">message
	  exchange pattern</prop> property MUST have the value
	  <attval xml:space="default">http://www.w3.org/ns/wsdl/in-out</attval>, and the SOAP MEP is the URI
	  <attval xml:space="default">http://www.w3.org/2003/05/soap/mep/request-response/</attval>
	  identifying the SOAP Request-Response Message Exchange
	  Pattern as defined in <bibref ref="SOAP12-PART2" xml:space="default"/>.</td>
</tr>
<tr>
<td>
<assert-summary ref="SOAPModule-2076"/>
</td>
<td>A <emph xml:space="default">xs:anyURI</emph>, which is an absolute IRI as defined by <bibref ref="RFC3987" xml:space="default"/>.</td>
</tr>
<tr>
<td>
<assert-summary ref="WRPC-2042"/>
</td>
<td> OPTIONAL,
	but MUST be present when the style is RPC</td>
</tr>
<tr>
<td>
<assert-summary ref="WRPC-2043"/>
</td>
<td>Values for the second component MUST be chosen among the following four:
	"#in", "#out", "#inout" "#return".</td>
</tr>
<tr>
<td>
<assert-summary ref="WRPC-2044"/>
</td>
<td>The value of the first component of each pair <emph xml:space="default">(q, t)</emph> MUST
	  be unique within the list.</td>
</tr>
<tr>
<td>
<assert-summary ref="WRPC-2045"/>
</td>
<td>For each child element of the input and output messages of the operation,
	  a pair <emph xml:space="default">(q, t)</emph>, whose first component <emph xml:space="default">q</emph> is equal to
	  the qualified name of that element, MUST be present in the list, with the caveat
	  that elements that appear with cardinality greater than one MUST be treated as
	  a single element.</td>
</tr>
<tr>
<td>
<assert-summary ref="WRPC-2046"/>
</td>
<td>For each pair <emph xml:space="default">(q, #in)</emph>, there MUST be a child element of the
	  input element with a name of <emph xml:space="default">q</emph>. There MUST NOT be a child element
	  of the output element with the name of <emph xml:space="default">q</emph>.</td>
</tr>
<tr>
<td>
<assert-summary ref="WRPC-2047"/>
</td>
<td>For each pair <emph xml:space="default">(q, #out)</emph>, there MUST be a child element of the
	  output element with a name of <emph xml:space="default">q</emph>. There MUST NOT be a child element
	  of the input element with the name of <emph xml:space="default">q</emph>.</td>
</tr>
<tr>
<td>
<assert-summary ref="WRPC-2048"/>
</td>
<td>For each pair <emph xml:space="default">(q, #inout)</emph>, there MUST be a child element of the
	  input element with a name of <emph xml:space="default">q</emph>. There MUST also be a child element
	  of the output element with the name of <emph xml:space="default">q</emph>.</td>
</tr>
<tr>
<td>
<assert-summary ref="WRPC-2049"/>
</td>
<td>For each pair <emph xml:space="default">(q, #return)</emph>, there MUST be a child element of the
	  output element with a name of <emph xml:space="default">q</emph>. There MUST NOT be a child element
	  of the input element with the name of <emph xml:space="default">q</emph>.</td>
</tr>
</tbody>
