<?xml version="1.0" encoding="UTF-8"?>
<tbody>
<tr>
<th>Id</th>
<th>Assertion</th>
</tr>
<tr>
<td>
<assert-summary ref="HTTPSerialization-2110"/>
</td>
<td>
                    Cited elements (i.e.
                      elements referenced in templates) MUST NOT
                      carry an <att xml:space="default">xs:nil</att> attribute whose value is
                      <attval xml:space="default">true</attval>
</td>
</tr>
<tr>
<td>
<assert-summary ref="SOAP12Binding-SOAPDetail-2081"/>
</td>
<td>If any,
          the value of the SOAP <attval xml:space="default">Detail</attval> element MUST
          be the <emph xml:space="default">element information item</emph> identified by the <prop comp="Interface Message           Reference">element declaration</prop> property of the
          <comp>Interface Fault</comp> component.</td>
</tr>
<tr>
<td>
<assert-summary ref="SOAPBinding-2066"/>
</td>
<td>If the value is <attval xml:space="default">#none</attval>, then the
            payload MUST be empty.</td>
</tr>
<tr>
<td>
<assert-summary ref="SOAPBinding-2067"/>
</td>
<td>If the value is <attval xml:space="default">#element</attval>, then the
            payload MUST be the <emph xml:space="default">element information item</emph> identified by the
            <prop comp="Interface Message Reference">element declaration</prop>
            property of the <comp>Interface Message Reference</comp> component.</td>
</tr>
</tbody>
