<?xml version="1.0" encoding="UTF-8"?>
<tbody>
<tr>
<th>Id</th>
<th>Assertion</th>
</tr>
<tr>
<td>
<assert-summary ref="FaultDelivery-2008"/>
</td>
<td>The fault message MUST be delivered to the same target node as the
	message it replaces, unless otherwise specified by an extension or
	binding extension. If there is no path to this node, the fault MUST
	be discarded.</td>
</tr>
<tr>
<td>
<assert-summary ref="FaultDelivery-2010"/>
</td>
<td>The fault message MUST be delivered to the originator of the
	triggering message, unless otherwise specified by an extension or
	binding extension. Any node MAY propagate a fault message, and MUST
	NOT do so more than once for each triggering message. If there is no
	path to the originator, the fault MUST be discarded.</td>
</tr>
<tr>
<td>
<assert-summary ref="FaultPropagation-2003"/>
</td>
<td>Nodes that generate faults MUST attempt to propagate the faults in 
accordance with the governing ruleset, but it is understood that any 
delivery of a network message is best effort, not guaranteed.</td>
</tr>
<tr>
<td>
<assert-summary ref="FaultPropagation-2004"/>
</td>
<td>When a fault is generated, the generating node MUST attempt to 
propagate the fault, and MUST do so in the direction and to the 
recipient specified by the ruleset.</td>
</tr>
<tr>
<td>
<assert-summary ref="FaultReplacesMessage-2007"/>
</td>
<td>
		When the Fault Replaces Message propagation rule is in effect,
		any message after the first in the pattern MAY be replaced with
		a fault message, which MUST have identical direction.
	</td>
</tr>
<tr>
<td>
<assert-summary ref="InOnlyFaults-2013"/>
</td>
<td>The <el xml:space="default">in-only</el>
message exchange pattern uses the rule <specref ref="no-fault" xml:space="default"/>.</td>
</tr>
<tr>
<td>
<assert-summary ref="InOutFaults-2016"/>
</td>
<td>
The <el xml:space="default">in-out</el> message exchange pattern uses the rule <specref ref="fault-replacement" xml:space="default"/>.</td>
</tr>
<tr>
<td>
<assert-summary ref="MEPDescriptiveness-2002"/>
</td>
<td>by some prior agreement, another node and/or the
service MAY send messages (to each other or to other nodes) that
are not described by the pattern.</td>
</tr>
<tr>
<td>
<assert-summary ref="MEPTermination-2006"/>
</td>
<td>Generation of a fault, regardless of 
ruleset, terminates the exchange.</td>
</tr>
<tr>
<td>
<assert-summary ref="MessageTriggersFault-2009"/>
</td>
<td>
		When the Message Triggers Fault propagation rule is in effect, any message,
		including the first in the pattern, MAY trigger a
		fault message, which MUST have opposite direction.
	</td>
</tr>
<tr>
<td>
<assert-summary ref="NodeIdentity-2001"/>
</td>
<td>A
        node MAY be accessible via more than one physical address or transport.</td>
</tr>
<tr>
<td>
<assert-summary ref="NoFaults-2011"/>
</td>
<td>
		When the No Faults propagation rule is in effect, faults MUST NOT be propagated.
	</td>
</tr>
<tr>
<td>
<assert-summary ref="RobustInOnlyFaults-2014"/>
</td>
<td>
The <el xml:space="default">robust in-only</el> message exchange pattern uses the rule <specref ref="fault-trigger" xml:space="default"/>.</td>
</tr>
</tbody>
