<?xml version="1.0" encoding="UTF-8"?>
<tbody>
<tr>
<th>Id</th>
<th>Assertion</th>
</tr>
<tr>
<td>
<assert-summary ref="Binding-1044"/>
</td>
<td>If a <comp>Binding</comp> component specifies any operation-specific
      binding details (by including <comp>Binding Operation</comp> components) or
      any fault binding details (by including 
      <comp>Binding Fault</comp> components), then it MUST specify an interface the <comp>Binding</comp>
      component applies to, so as to indicate which interface the operations
      come from.</td>
</tr>
<tr>
<td>
<assert-summary ref="Binding-1045"/>
</td>
<td>
      A <comp>Binding</comp> component that defines bindings for an 
      <comp>Interface</comp> component MUST define bindings for all the operations
      of that
      <comp>Interface</comp> component.</td>
</tr>
<tr>
<td>
<assert-summary ref="Binding-1046"/>
</td>
<td>Similarly, whenever a reusable <comp>Binding</comp> component (i.e. one that does not 
      specify an <comp>Interface</comp> component) is applied to a specific <comp>Interface</comp>
      component in the context of an <comp>Endpoint</comp> component (see <specref ref="Endpoint_details" xml:space="default"/>),
      the <comp>Binding</comp> component MUST define bindings for each <comp>Interface Operation</comp>
      and <comp>Interface Fault</comp> component of the <comp>Interface</comp> component, via
      a combination of properties defined on the <comp>Binding</comp> component itself and
      default binding rules specific to its binding type.</td>
</tr>
<tr>
<td>
<assert-summary ref="Binding-1047"/>
</td>
<td>A <comp>Binding</comp> component that defines bindings for an <comp>Interface</comp> component
			MUST define bindings for all the faults of that <comp>Interface</comp> component that
			are referenced from any of the operations in that <comp>Interface</comp> component.</td>
</tr>
<tr>
<td>
<assert-summary ref="Binding-1048"/>
</td>
<td>This <emph xml:space="default">xs:anyURI</emph> MUST be an absolute IRI
	    as defined by <bibref ref="RFC3987" xml:space="default"/>.</td>
</tr>
<tr>
<td>
<assert-summary ref="Binding-1049"/>
</td>
<td>For each <comp>Binding</comp> component in the 
      <prop comp="Description">bindings</prop> property of a
      <comp>Description</comp> component, the <prop comp="Binding">name</prop> property MUST be unique.</td>
</tr>
<tr>
<td>
<assert-summary ref="BindingFault-1050"/>
</td>
<td>For each
	  	<comp>Binding Fault</comp>
	  	component in the
	  	<prop comp="Binding">binding faults</prop>
	  	property of a
	  	<comp>Binding</comp>
	  	component, the
	  	<prop comp="Binding Fault">interface fault</prop>
	  	property MUST be unique.</td>
</tr>
<tr>
<td>
<assert-summary ref="BindingFaultReference-1055"/>
</td>
<td>
	  	For each
	  	<comp>Binding Fault Reference</comp>
	  	component in the
	  	<prop comp="Binding Operation">binding fault references</prop>
	  	property of a
	  	<comp>Binding Operation</comp>
	  	component, the
	  	<prop comp="Binding Fault Reference">
	  		interface fault reference
	  	</prop>
	  	property MUST be unique.</td>
</tr>
<tr>
<td>
<assert-summary ref="BindingFaultReference-1059"/>
</td>
<td>
	  	There MUST be an <comp>Interface Fault Reference</comp> component in the 
	  	<prop comp="Interface Operation">interface fault references</prop> of the 
	  	<comp>Interface Operation</comp> being bound with 
	  	<prop comp="Interface Fault Reference">message label</prop> equal to the effective message label
	  	and with <prop comp="Interface Fault Reference">interface fault</prop> equal to an 
	  	<comp>Interface Fault</comp> component with 
	  	<prop comp="Interface Fault">name</prop> equal to the actual value of the <att xml:space="default">ref</att> <emph xml:space="default">attribute information item</emph>.</td>
</tr>
<tr>
<td>
<assert-summary ref="BindingMessageReference-1052"/>
</td>
<td>
	  	For each
	  	<comp>Binding Message Reference</comp>
	  	component in the
	  	<prop comp="Binding Operation">
	  		binding message references
	  	</prop>
	  	property of a
	  	<comp>Binding Operation</comp>
	  	component, the
	  	<prop comp="Binding Message Reference">
	  		interface message reference
	  	</prop>
	  	property MUST be unique.</td>
</tr>
<tr>
<td>
<assert-summary ref="BindingOperation-1051"/>
</td>
<td>
	  	For each
	  	<comp>Binding Operation</comp>
	  	component in the
	  	<prop comp="Binding">binding operations</prop>
	  	property of a
	  	<comp>Binding</comp>
	  	component, the
	  	<prop comp="Binding Operation">interface operation</prop>
	  	property MUST be unique.</td>
</tr>
<tr>
<td>
<assert-summary ref="CanonFragId-1097"/>
</td>
<td>
						The fragment identifier consists of a sequence
						zero or more
						<code xml:space="default">xmlns()</code>
						pointer parts followed by exactly one
						<code xml:space="default">wsdl.*()</code>
						pointer part.
					</td>
</tr>
<tr>
<td>
<assert-summary ref="CanonFragId-1098"/>
</td>
<td>
						Each
						<code xml:space="default">xmlns()</code>
						pointer part that appears in the fragment
						identifier defines a namespace that is
						referenced by the
						<code xml:space="default">wsdl.*()</code>
						pointer part.
					</td>
</tr>
<tr>
<td>
<assert-summary ref="CanonFragId-1099"/>
</td>
<td>
						Each
						<code xml:space="default">xmlns()</code>
						pointer part defines a unique namespace.
					</td>
</tr>
<tr>
<td>
<assert-summary ref="CanonFragId-1100"/>
</td>
<td>
						The
						<code xml:space="default">xmlns()</code>
						pointer parts define namespaces in the same
						order as they are referenced in the
						<code xml:space="default">wsdl.*()</code>
						pointer part.
					</td>
</tr>
<tr>
<td>
<assert-summary ref="CanonFragId-1101"/>
</td>
<td>
						The namespace prefixes defined by the
						<code xml:space="default">xmlns()</code>
						pointer parts are named
						<code xml:space="default">ns1</code>
						,
						<code xml:space="default">ns2</code>
						, etc., in the order of their appearance.
					</td>
</tr>
<tr>
<td>
<assert-summary ref="CanonFragId-1102"/>
</td>
<td>
						The fragment identifier contains no optional
						whitespace.
					</td>
</tr>
<tr>
<td>
<assert-summary ref="CanonFragId-1103"/>
</td>
<td>
					  No <code xml:space="default">xmlns()</code> pointer part defines a namespace for the targetNamespace of the
					  WSDL 2.0 document.
					</td>
</tr>
<tr>
<td>
<assert-summary ref="Compare-URI-IRI-1065"/>
</td>
<td>When such absolute URIs and IRIs are being compared to determine
  equivalence (see <specref ref="compequiv" xml:space="default"/>), they MUST be
  compared character-by-character as indicated in <bibref ref="RFC3987" xml:space="default"/>.</td>
</tr>
<tr>
<td>
<assert-summary ref="Description-1001"/>
</td>
<td>The value of the <att xml:space="default">targetNamespace</att> <emph xml:space="default">attribute information item</emph> SHOULD be dereferencable.</td>
</tr>
<tr>
<td>
<assert-summary ref="Description-1002"/>
</td>
<td>It SHOULD resolve to a human or machine
       processable document that directly or indirectly defines the
       intended semantics of those components.</td>
</tr>
<tr>
<td>
<assert-summary ref="Description-1003"/>
</td>
<td>It MAY resolve to a WSDL 2.0 document that provides
       service description information for that namespace.</td>
</tr>
<tr>
<td>
<assert-summary ref="Description-1067"/>
</td>
<td>For each component in the imported namespace, a corresponding
        <comp>Element Declaration</comp> component or <comp>Type Definition</comp>
        component MUST appear in the <prop comp="Description">element declarations</prop>
        or <prop comp="Description">type definitions</prop> property respectively
        of the <comp>Description</comp> component corresponding to the WSDL document
        that imports the schema, or that imports directly or indirectly a WSDL document
        that imports the schema.</td>
</tr>
<tr>
<td>
<assert-summary ref="Description-1068"/>
</td>
<td>
        Schema components not in an imported namespace MUST NOT appear in the
        <prop comp="Description">element declarations</prop> or
        <prop comp="Description">type definitions</prop> properties.</td>
</tr>
<tr>
<td>
<assert-summary ref="Description-1071"/>
</td>
<td>For each component
defined and declared in the inlined schema document or included by <el xml:space="default">xs:include</el>,
a corresponding <comp>Element Declaration</comp> component or <comp>Type Definition</comp>
component MUST appear in the <prop comp="Description">element declarations</prop>
property or <prop comp="Description">type definitions</prop> property respectively
of the <comp>Description</comp> component corresponding to the WSDL document
that contains the schema, or that imports directly or indirectly a WSDL
document that contains the schema.</td>
</tr>
<tr>
<td>
<assert-summary ref="Description-1072"/>
</td>
<td>
Schema components not defined or declared in the inlined schema document or included by
<el xml:space="default">xs:include</el> MUST NOT appear in the <prop comp="Description">element declarations</prop>
or <prop comp="Description">type definitions</prop> properties.</td>
</tr>
<tr>
<td>
<assert-summary ref="Endpoint-1061"/>
</td>
<td>This <emph xml:space="default">xs:anyURI</emph> MUST
                                be an absolute IRI as defined by
	  			<bibref ref="RFC3987" xml:space="default"/>.</td>
</tr>
<tr>
<td>
<assert-summary ref="Endpoint-1062"/>
</td>
<td>
       	For each
       	<comp>Endpoint</comp>
       	component in the
       	<prop comp="Service">endpoints</prop>
       	property of a
       	<comp>Service</comp>
       	component, the
       	<prop comp="Endpoint">binding</prop>
       	property MUST either be a
       	<comp>Binding</comp>
       	component with an unspecified
       	<prop comp="Binding">interface</prop>
       	property or a
       	<comp>Binding</comp>
       	component with an
       	<prop comp="Binding">interface</prop>
       	property equal to the
       	<prop comp="Service">interface</prop>
       	property of the
       	<comp>Service</comp>
       	component.</td>
</tr>
<tr>
<td>
<assert-summary ref="Equivalence-1063"/>
</td>
<td>Extension properties which are not string values, sets of 
strings or references MUST describe their values' equivalence rules.</td>
</tr>
<tr>
<td>
<assert-summary ref="Extensibility-1089"/>
</td>
<td>An extension that is NOT marked as mandatory MUST NOT invalidate the 
          meaning of any part of a WSDL 2.0 document.</td>
</tr>
<tr>
<td>
<assert-summary ref="Extensibility-1090"/>
</td>
<td>If a WSDL 2.0 document declares an extension as optional 
        (i.e., NON-mandatory), then the Web service MUST NOT assume that the 
        client supports that extension <emph xml:space="default">unless</emph> the 
        Web service knows (through some other means) that the client 
        has in fact elected to engage and support that extension.</td>
</tr>
<tr>
<td>
<assert-summary ref="Extensibility-1091"/>
</td>
<td>Therefore, the 
        Web service MUST support every extension that is 
        declared as optional in the WSDL 2.0 document, in addition to supporting every 
        extension that is declared as mandatory.</td>
</tr>
<tr>
<td>
<assert-summary ref="Extension-1088"/>
</td>
<td>The meaning of an 
	extension SHOULD be defined (directly or indirectly) in a document 
	that is available at its namespace IRI.</td>
</tr>
<tr>
<td>
<assert-summary ref="FragId-1095"/>
</td>
<td>For QNames, any prefix
	MUST be defined by a preceding xmlns pointer part.</td>
</tr>
<tr>
<td>
<assert-summary ref="FragId-1096"/>
</td>
<td>The fragment identifier in a WSDL 2.0 component IRI-reference
		MUST resolve to some component as defined by the construction rules
		in <specref ref="frag-ids-table" xml:space="default"/>.</td>
</tr>
<tr>
<td>
<assert-summary ref="ImportInclude-1087"/>
</td>
<td>
				The semantics of an extension MUST NOT depend on how
				components are brought into a component model instance
				via &lt;import&gt; or &lt;include&gt;.
			</td>
</tr>
<tr>
<td>
<assert-summary ref="Interface-1009"/>
</td>
<td>
        	To avoid circular definitions, an interface MUST NOT appear
        	in the set of interfaces it extends, either
        	directly or indirectly.
        </td>
</tr>
<tr>
<td>
<assert-summary ref="Interface-1010"/>
</td>
<td>For each <comp>Interface</comp> component in the <prop comp="Description">interfaces</prop>
	  property of a <comp>Description</comp> component, the <prop comp="Interface">name</prop> property MUST be unique.</td>
</tr>
<tr>
<td>
<assert-summary ref="Interface-1011"/>
</td>
<td>The list of <emph xml:space="default">xs:QName</emph> in an <att xml:space="default">extends</att> <emph xml:space="default">attribute information item</emph> MUST NOT contain duplicates.</td>
</tr>
<tr>
<td>
<assert-summary ref="InterfaceFault-1013"/>
</td>
<td>An
	    <emph xml:space="default">xs:token</emph> with one of the values
	    <emph xml:space="default">#any</emph>, <emph xml:space="default">#none</emph>, <emph xml:space="default">#other</emph>,
	    or
	    <emph xml:space="default">#element</emph>.</td>
</tr>
<tr>
<td>
<assert-summary ref="InterfaceFault-1014"/>
</td>
<td>When
            the <prop comp="Interface Fault">message content model</prop> property has the value
            <emph xml:space="default">#any</emph> or <emph xml:space="default">#none</emph> the 
            <prop comp="Interface Fault">element declaration</prop>
            property MUST be empty.</td>
</tr>
<tr>
<td>
<assert-summary ref="InterfaceFault-1015"/>
</td>
<td>
		In cases where, due to an interface extending one or more other
		interfaces, two or more
		<comp>Interface Fault</comp>
		components have the same value for their
		<prop comp="Interface Fault">name</prop>
		property, then the component models of those
		<comp>Interface Fault</comp>
		components MUST be equivalent (see
		<specref ref="compequiv" xml:space="default"/>).
	</td>
</tr>
<tr>
<td>
<assert-summary ref="InterfaceFault-1016"/>
</td>
<td>For the above reason, it is considered good practice to
	  ensure, where necessary, that the local name of the <prop comp="Interface Fault">name</prop> property of
	  <comp>Interface Fault</comp> components within a namespace SHOULD be
	  unique, thus allowing such derivation to occur without
	  inadvertent error.</td>
</tr>
<tr>
<td>
<assert-summary ref="InterfaceFaultReference-1037"/>
</td>
<td>The value of this property MUST
	    match the name of a placeholder message defined by the
	    message exchange pattern.</td>
</tr>
<tr>
<td>
<assert-summary ref="InterfaceFaultReference-1038"/>
</td>
<td>The direction MUST be consistent with the
            direction implied by the fault propagation ruleset used in the message
            exchange pattern of the operation.</td>
</tr>
<tr>
<td>
<assert-summary ref="InterfaceFaultReference-1039"/>
</td>
<td>For each <comp>Interface Fault Reference</comp> component in the 
	  	<prop comp="Interface Operation">interface	fault references</prop> property of an 
	  	<comp>Interface Operation</comp>
	  	component, the combination of its 
	  	<prop comp="Interface Fault Reference">interface fault</prop> and
	  	<prop comp="Interface Fault Reference">message label</prop> properties MUST be unique.</td>
</tr>
<tr>
<td>
<assert-summary ref="InterfaceMessageReference-1025"/>
</td>
<td>An <emph xml:space="default">xs:token</emph> with
	    one of the values <emph xml:space="default">in</emph> or <emph xml:space="default">out</emph>, indicating
	    whether the message is coming
            to the service or going from the service,
            respectively.</td>
</tr>
<tr>
<td>
<assert-summary ref="InterfaceMessageReference-1026"/>
</td>
<td>The direction MUST be the same as the
            direction of the message identified by the
            <prop comp="Interface Message Reference">message label</prop> property in the 
            <prop comp="Interface Operation">message exchange pattern</prop> of the 
            <comp>Interface Operation</comp> component this is
            contained within.</td>
</tr>
<tr>
<td>
<assert-summary ref="InterfaceMessageReference-1027"/>
</td>
<td>An
	    <emph xml:space="default">xs:token</emph> with one of the values
	    <emph xml:space="default">#any</emph>, <emph xml:space="default">#none</emph>, <emph xml:space="default">#other</emph>,
	    or
	    <emph xml:space="default">#element</emph>.</td>
</tr>
<tr>
<td>
<assert-summary ref="InterfaceMessageReference-1028"/>
</td>
<td>When
            the <prop comp="Interface Message Reference">message content model</prop> property has the value
            <emph xml:space="default">#any</emph> or <emph xml:space="default">#none</emph>, the 
            <prop comp="Interface Message Reference">element declaration</prop>
            property MUST be empty.</td>
</tr>
<tr>
<td>
<assert-summary ref="InterfaceMessageReference-1029"/>
</td>
<td>For each <comp>Interface Message Reference</comp> component in the 
        <prop comp="Interface Operation">interface message references</prop> property of an 
        <comp>Interface Operation</comp> component, its
        <prop comp="Interface Message Reference">message label</prop> property MUST be unique.</td>
</tr>
<tr>
<td>
<assert-summary ref="InterfaceOperation-1018"/>
</td>
<td>This <emph xml:space="default">xs:anyURI</emph>
            MUST be an absolute IRI (see <bibref ref="RFC3987" xml:space="default"/>).</td>
</tr>
<tr>
<td>
<assert-summary ref="InterfaceOperation-1019"/>
</td>
<td>
            These <emph xml:space="default">xs:anyURI</emph>s MUST be
            absolute IRIs (see <bibref ref="RFC3986" xml:space="default"/>).</td>
</tr>
<tr>
<td>
<assert-summary ref="InterfaceOperation-1020"/>
</td>
<td>In cases where, due to an interface extending one or more
	other interfaces, two or more <comp>Interface Operation</comp> components
	have the same value for their <prop comp="Interface Operation">name</prop>
	property, then the component models of those Interface
	Operation components MUST be equivalent (see <specref ref="compequiv" xml:space="default"/>).</td>
</tr>
<tr>
<td>
<assert-summary ref="InterfaceOperation-1021"/>
</td>
<td>For the above reason, it is considered good practice to
	  ensure, where necessary, that the <prop comp="Interface Operation">name</prop> property of
	  <comp>Interface Operation</comp> components within a namespace SHOULD be
	  unique, thus allowing such derivation to occur without
	  inadvertent error.</td>
</tr>
<tr>
<td>
<assert-summary ref="InterfaceOperation-1023"/>
</td>
<td>An <comp>Interface Operation</comp> component MUST satisfy the specification 
defined by each operation style identified by its
<prop comp="Interface Operation">style</prop> property.
</td>
</tr>
<tr>
<td>
<assert-summary ref="Location-1093"/>
</td>
<td>Its actual value MUST be a list of
      pairs of IRIs; where the first IRI of a pair, which MUST be an
      absolute IRI as defined in <bibref ref="RFC3987" xml:space="default"/>, indicates a
      WSDL 2.0 (or 1.1) namespace name, and, the second a hint as to the location
      of a WSDL 2.0 document defining WSDL 2.0 components (or WSDL 1.1
      elements <bibref ref="WSDL11" xml:space="default"/>)
      for that namespace name.</td>
</tr>
<tr>
<td>
<assert-summary ref="MEP-1022"/>
</td>
<td>A message exchange pattern is itself uniquely
 	  		identified by an absolute IRI, which is used as the value
 	  		of the
 	  		<prop comp="Interface Operation">
 	  			message exchange pattern
 	  		</prop> property of the <comp>Interface Operation</comp>
 	  		component, and which specifies the fault propagation ruleset
 	  		that its faults obey.</td>
</tr>
<tr>
<td>
<assert-summary ref="MessageLabel-1024"/>
</td>
<td>The value of this property MUST match the name of
	    a placeholder message defined by the message
	    exchange pattern.</td>
</tr>
<tr>
<td>
<assert-summary ref="Service-1060"/>
</td>
<td>
	  	For each
	  	<comp>Service</comp>
	  	component in the
	  	<prop comp="Description">services</prop>
	  	property of a <comp>Description</comp> component, the
	  	<prop comp="Service">name</prop>
	  	property MUST be unique.</td>
</tr>
<tr>
<td>
<assert-summary ref="Types-1007"/>
</td>
<td>Each XML Schema element declaration MUST have a unique QName.</td>
</tr>
<tr>
<td>
<assert-summary ref="Types-1008"/>
</td>
<td>Each XML Schema type definition MUST have a unique QName.</td>
</tr>
</tbody>
