<?xml version="1.0" encoding="UTF-8"?>
<tbody>
<tr>
<th>Id</th>
<th>Assertion</th>
</tr>
<tr>
<td>
<assert-summary ref="Description-1004"/>
</td>
<td>If a WSDL 2.0 document is split into multiple WSDL 2.0 documents
         (which may be combined as needed via <specref ref="includes" xml:space="default"/>), then the <att xml:space="default">targetNamespace</att> <emph xml:space="default">attribute information item</emph>
         SHOULD resolve to a master WSDL 2.0 document that includes all the
         WSDL 2.0 documents needed for that service description.</td>
</tr>
<tr>
<td>
<assert-summary ref="Description-1005"/>
</td>
<td>Zero or more <emph xml:space="default">element information item</emph>s amongst its [children], in order as
		  follows:</td>
</tr>
<tr>
<td>
<assert-summary ref="Description-1006"/>
</td>
<td>Its value 
        MUST be an absolute IRI (see <bibref ref="RFC3987" xml:space="default"/>)
        and should be dereferencable.</td>
</tr>
<tr>
<td>
<assert-summary ref="Import-1082"/>
</td>
<td>As with XML schema, any WSDL 2.0 document that references
a foreign component MUST
have a <el xml:space="default">wsdl:import</el> <emph xml:space="default">element information item</emph> for the associated foreign namespace (but which does not necessarily
provide a <att xml:space="default">location</att> <emph xml:space="default">attribute information item</emph> that identifies the WSDL 2.0 document
in which the referenced component is defined).</td>
</tr>
<tr>
<td>
<assert-summary ref="Import-1083"/>
</td>
<td>If a WSDL 2.0 document contains more than one <el xml:space="default">wsdl:import</el>
<emph xml:space="default">element information item</emph> for a given value of the <att xml:space="default">namespace</att> <emph xml:space="default">attribute information item</emph>, then
they MUST provide different values for the <att xml:space="default">location</att>
<emph xml:space="default">attribute information item</emph>.</td>
</tr>
<tr>
<td>
<assert-summary ref="Import-1084"/>
</td>
<td>This value MUST NOT match the actual
 value of <att xml:space="default">targetNamespace</att> <emph xml:space="default">attribute information item</emph> in the enclosing WSDL 2.0 document.</td>
</tr>
<tr>
<td>
<assert-summary ref="Import-1085"/>
</td>
<td>If the location attribute in the <el xml:space="default">import</el> <emph xml:space="default">element information item</emph> 
 is dereferencable, then it MUST reference a WSDL 2.0 document.</td>
</tr>
<tr>
<td>
<assert-summary ref="Import-1086"/>
</td>
<td>
 If the <att xml:space="default">location</att> <emph xml:space="default">attribute information item</emph> of the <el xml:space="default">import</el> <emph xml:space="default">element information item</emph> is dereferencable, then
 the actual value of the 
 <att xml:space="default">namespace</att> <emph xml:space="default">attribute information item</emph> MUST be identical to the 
 actual value of the <att xml:space="default">targetNamespace</att> <emph xml:space="default">attribute information item</emph> 
 of the referenced WSDL 2.0 document (see <specref ref="wsdllocation" xml:space="default"/>).</td>
</tr>
<tr>
<td>
<assert-summary ref="Include-1080"/>
</td>
<td>The IRI indicated by <att xml:space="default">location</att>
  MUST resolve to a WSDL 2.0 document.</td>
</tr>
<tr>
<td>
<assert-summary ref="Include-1081"/>
</td>
<td>The actual value of the <att xml:space="default">targetNamespace</att> <emph xml:space="default">attribute information item</emph> of the
  included WSDL 2.0 document MUST match the actual value of the
  <att xml:space="default">targetNamespace</att> <emph xml:space="default">attribute information item</emph> of the <el xml:space="default">description</el> <emph xml:space="default">element information item</emph>
  which is the [parent] of the <el xml:space="default">include</el> <emph xml:space="default">element information item</emph>.</td>
</tr>
<tr>
<td>
<assert-summary ref="Interface-1012"/>
</td>
<td>Its value, if present, MUST contain
		absolute IRIs (see <bibref ref="RFC3987" xml:space="default"/>).</td>
</tr>
<tr>
<td>
<assert-summary ref="InterfaceFault-1017"/>
</td>
<td>
                        If the <att xml:space="default">element</att> <emph xml:space="default">attribute information item</emph> has a value, then
                        it MUST resolve to an
                        <comp>Element Declaration</comp> component from the 
                        <prop comp="Description">element declarations</prop>
                        property of the
                        <comp>Description</comp> component.</td>
</tr>
<tr>
<td>
<assert-summary ref="InterfaceFaultReference-1040"/>
</td>
<td>The <att xml:space="default">messageLabel</att> <emph xml:space="default">attribute information item</emph> MUST
                  be present in the XML representation of an
		  <comp>Interface Fault Reference</comp>
		  component with a given <prop comp="Interface Fault Reference">direction</prop>,
		  if the 
		  <prop comp="Interface Operation">message exchange pattern</prop> of the parent
		  <comp>Interface Operation</comp> component has more than one fault with that
		  direction.</td>
</tr>
<tr>
<td>
<assert-summary ref="InterfaceMessageReference-1036"/>
</td>
<td>
                        If the <att xml:space="default">element</att> <emph xml:space="default">attribute information item</emph> has a value, then
                        it MUST resolve to an
                        <comp>Element Declaration</comp> component from the 
                        <prop comp="Description">element declarations</prop>
                        property of the
                        <comp>Description</comp> component.</td>
</tr>
<tr>
<td>
<assert-summary ref="Location-1092"/>
</td>
<td>It MUST NOT appear on a
  <el xml:space="default">wsdl:description</el> element or any of its
  children/descendants.</td>
</tr>
<tr>
<td>
<assert-summary ref="Location-1094"/>
</td>
<td>For each pair of IRIs, if the location IRI of the pair is dereferencable, then it MUST reference
      a WSDL 2.0 (or 1.1) document whose target namespace is the namespace IRI of the pair.</td>
</tr>
<tr>
<td>
<assert-summary ref="MessageLabel-1030"/>
</td>
<td>
	  		If the
	  		<att xml:space="default">messageLabel</att>
	  		<emph xml:space="default">attribute information item</emph>
	  		of an interface message reference
	  		<emph xml:space="default">element information item</emph>
	  		is present, then its actual value MUST match the <prop comp="Interface Message Reference">message
	  		label</prop> of some placeholder message with <prop comp="Interface Message Reference">direction</prop> equal
	  		to the message direction.
	  	</td>
</tr>
<tr>
<td>
<assert-summary ref="MessageLabel-1031"/>
</td>
<td>
	  		If the
	  		<att xml:space="default">messageLabel</att>
	  		<emph xml:space="default">attribute information item</emph>
	  		of an interface message reference
	  		<emph xml:space="default">element information item</emph>
	  		is absent then there MUST be a unique placeholder message
	  		with <prop comp="Interface Message Reference">direction</prop> equal to the message direction.
	  	</td>
</tr>
<tr>
<td>
<assert-summary ref="MessageLabel-1032"/>
</td>
<td>
	  If the local name is <el xml:space="default">input</el> then the message exchange pattern
	  MUST have at least one placeholder message with direction <attval xml:space="default">In</attval>.</td>
</tr>
<tr>
<td>
<assert-summary ref="MessageLabel-1033"/>
</td>
<td>
	  If the local name is <el xml:space="default">output</el> then the message exchange pattern
	 MUST have at least one placeholder message with direction <attval xml:space="default">Out</attval>.</td>
</tr>
<tr>
<td>
<assert-summary ref="MessageLabel-1034"/>
</td>
<td>
	  If the local name is <el xml:space="default">infault</el> then the message exchange pattern
	 MUST support at least one fault in the <attval xml:space="default">In</attval> direction.</td>
</tr>
<tr>
<td>
<assert-summary ref="MessageLabel-1035"/>
</td>
<td>
	  If the local name is <el xml:space="default">outfault</el> then the message exchange pattern
	MUST support at least one fault in the <attval xml:space="default">Out</attval> direction.</td>
</tr>
<tr>
<td>
<assert-summary ref="MessageLabel-1041"/>
</td>
<td>
	  		The
	  		<att xml:space="default">messageLabel</att>
	  		<emph xml:space="default">attribute information item</emph>
	  		of an interface fault reference
	  		<emph xml:space="default">element information item</emph>
	  		MUST be present if the message exchange pattern has more
	  		than one placeholder message with <prop comp="Interface Message Reference">direction</prop> equal to the
	  		message direction.
	  	</td>
</tr>
<tr>
<td>
<assert-summary ref="MessageLabel-1042"/>
</td>
<td>
	  		If the
	  		<att xml:space="default">messageLabel</att>
	  		<emph xml:space="default">attribute information item</emph>
	  		of an interface fault reference
	  		<emph xml:space="default">element information item</emph>
	  		is present then its actual value MUST match the <prop comp="Interface Message Reference">message
	  		label</prop> of some placeholder message with <prop comp="Interface Message Reference">direction</prop> equal
	  		to the message direction.
	  	</td>
</tr>
<tr>
<td>
<assert-summary ref="MessageLabel-1043"/>
</td>
<td>
	  		If the
	  		<att xml:space="default">messageLabel</att>
	  		<emph xml:space="default">attribute information item</emph>
	  		of an interface fault reference
	  		<emph xml:space="default">element information item</emph>
	  		is absent then there MUST be a unique placeholder message
	  		with <prop comp="Interface Message Reference">direction</prop> equal to the message direction.
	  	</td>
</tr>
<tr>
<td>
<assert-summary ref="MessageLabel-1053"/>
</td>
<td>
	  		If the
	  		<att xml:space="default">messageLabel</att>
	  		<emph xml:space="default">attribute information item</emph>
	  		of a binding message reference
	  		<emph xml:space="default">element information item</emph>
	  		is present then its actual value MUST match the <prop comp="Interface Message Reference">message
	  		label</prop> of some placeholder message with <prop comp="Interface Message Reference">direction</prop> equal
	  		to the message direction.
	  	</td>
</tr>
<tr>
<td>
<assert-summary ref="MessageLabel-1054"/>
</td>
<td>
	  		If the
	  		<att xml:space="default">messageLabel</att>
	  		<emph xml:space="default">attribute information item</emph>
	  		of a binding message reference
	  		<emph xml:space="default">element information item</emph>
	  		is absent then there MUST be a unique placeholder message
	  		with <prop comp="Interface Message Reference">direction</prop> equal to the message direction.
	  	</td>
</tr>
<tr>
<td>
<assert-summary ref="MessageLabel-1056"/>
</td>
<td>
	  		The
	  		<att xml:space="default">messageLabel</att>
	  		<emph xml:space="default">attribute information item</emph>
	  		of a binding fault reference
	  		<emph xml:space="default">element information item</emph>
	  		MUST be present if the message exchange pattern has more
	  		than one placeholder message with <prop comp="Interface Message Reference">direction</prop> equal to the
	  		message direction.
	  	</td>
</tr>
<tr>
<td>
<assert-summary ref="MessageLabel-1057"/>
</td>
<td>
	  		If the
	  		<att xml:space="default">messageLabel</att>
	  		<emph xml:space="default">attribute information item</emph>
	  		of a binding fault reference
	  		<emph xml:space="default">element information item</emph>
	  		is present then its actual value MUST match the <prop comp="Interface Message Reference">message
	  		label</prop> of some placeholder message with <prop comp="Interface Message Reference">direction</prop> equal
	  		to the message direction.
	  	</td>
</tr>
<tr>
<td>
<assert-summary ref="MessageLabel-1058"/>
</td>
<td>
	  		If the
	  		<att xml:space="default">messageLabel</att>
	  		<emph xml:space="default">attribute information item</emph>
	  		of a binding fault reference
	  		<emph xml:space="default">element information item</emph>
	  		is absent then there MUST be a unique placeholder message
	  		with <prop comp="Interface Message Reference">direction</prop> equal to the message direction.
	  	</td>
</tr>
<tr>
<td>
<assert-summary ref="QName-resolution-1064"/>
</td>
<td>A <comp>Description</comp> component
    MUST NOT have such broken references.</td>
</tr>
<tr>
<td>
<assert-summary ref="Schema-1066"/>
</td>
<td>A WSDL 2.0 document MUST NOT refer to XML Schema components in a given 
namespace UNLESS an <el xml:space="default">xs:import</el> or <el xml:space="default">xs:schema</el> <emph xml:space="default">element information item</emph> for that namespace is 
present OR the namespace is the XML Schema namespace, http://www.w3.org/2001/XMLSchema, which contains 
built-in types as defined in XML Schema Part 2: Datatypes Second Edition <bibref ref="XMLSchemaP2" xml:space="default"/>.</td>
</tr>
<tr>
<td>
<assert-summary ref="Schema-1069"/>
</td>
<td>The referenced schema MUST contain
a <att xml:space="default">targetNamespace</att> <emph xml:space="default">attribute information item</emph> on
its <el xml:space="default">xs:schema</el> <emph xml:space="default">element information item</emph>.</td>
</tr>
<tr>
<td>
<assert-summary ref="Schema-1070"/>
</td>
<td>The value of the <att xml:space="default">targetNamespace</att> <emph xml:space="default">attribute information item</emph>
of the <el xml:space="default">xs:schema</el> <emph xml:space="default">element information item</emph> of an imported schema MUST equal the value of the
<att xml:space="default">namespace</att> of the <el xml:space="default">import</el> <emph xml:space="default">element information item</emph> in the importing WSDL 2.0 document.</td>
</tr>
<tr>
<td>
<assert-summary ref="Schema-1073"/>
</td>
<td>A WSDL 2.0 document MUST NOT define the same element or type
		in more than one inlined schema.</td>
</tr>
<tr>
<td>
<assert-summary ref="Schema-1075"/>
</td>
<td>A specification of extension syntax for an alternative schema language MUST use a namespace that
is different than the namespace of XML Schema.</td>
</tr>
<tr>
<td>
<assert-summary ref="Schema-1076"/>
</td>
<td>The namespace used for an alternate schema language MUST be an absolute IRI.</td>
</tr>
<tr>
<td>
<assert-summary ref="Schema-1079"/>
</td>
<td>If 
    		<att xml:space="default">wsdlx:interface</att> and <att xml:space="default">wsdlx:binding</att>
    		are used together then they MUST satisfy the same consistency
    		rules that apply to the <prop comp="Service">interface</prop> property of a <comp>Service</comp>
    		component and the <prop comp="Endpoint">binding</prop> property of a nested <comp>Endpoint</comp>
    		component, that is either the binding refers the interface of the service or the binding refers to no interface.</td>
</tr>
<tr>
<td>
<assert-summary ref="Types-1074"/>
</td>
<td>A specification of extension syntax
for an alternative schema language MUST include the declaration of an <emph xml:space="default">element information item</emph>,
intended to appear as a child of the <el xml:space="default">wsdl:types</el> <emph xml:space="default">element information item</emph>, which
references, names, and locates the schema instance (an <el xml:space="default">import</el>
<emph xml:space="default">element information item</emph>).</td>
</tr>
<tr>
<td>
<assert-summary ref="Types-1077"/>
</td>
<td>The type of the
    			<att xml:space="default">wsdlx:interface</att>
    			<emph xml:space="default">attribute information item</emph>
    			is an 
    			<emph xml:space="default">xs:QName</emph> that specifies the <prop comp="Interface">name</prop>
    			property of an <comp>Interface</comp> component.</td>
</tr>
<tr>
<td>
<assert-summary ref="Types-1078"/>
</td>
<td>The type of the
    			<att xml:space="default">wsdlx:binding</att>
    			<emph xml:space="default">attribute information item</emph>
    			is an 
    			<emph xml:space="default">xs:QName</emph> that specifies the <prop comp="Binding">name</prop>
    			property of a <comp>Binding</comp> component.</td>
</tr>
</tbody>
